dataset,dose,replicate,n_disrupted_signature_genes,C_target,D,R,C_lower95_one_sided,C_upper95_one_sided,D_lower95_one_sided,D_upper95_one_sided,decision,specimen_assignment_coverage,participant_assignment_coverage,validation_evaluability,index_participants,comparator_participants
GSE27262,0,0,0,0.8916666666666665,0.5889928698752226,1.4729829210836272,0.8434545454545453,0.9319999999999999,0.4955555555555555,0.6891554621848739,PASS,1.0,1.0,1.0,24,25
GSE27262,0.1,0,2,0.7823333333333332,0.4796595365418893,1.292370435806831,0.7196521739130435,0.8430000000000002,0.3769646464646463,0.5871666666666667,PASS,1.0,1.0,1.0,24,25
GSE27262,0.1,1,2,0.7313333333333333,0.4286595365418894,1.2081213191990574,0.6697142857142857,0.7919999999999999,0.3262988710635771,0.5374444444444444,PASS,1.0,1.0,1.0,24,25
GSE27262,0.1,2,2,0.7579999999999999,0.455326203208556,1.2521731448763247,0.6929090909090909,0.816,0.3511176470588234,0.5632179487179487,PASS,1.0,1.0,1.0,24,25
GSE27262,0.1,3,2,0.7761666666666668,0.4734928698752229,1.2821834511189634,0.7182608695652173,0.832,0.3732070707070708,0.5777707509881422,PASS,1.0,1.0,1.0,24,25
GSE27262,0.1,4,2,0.7681666666666667,0.46549286987522276,1.268967903415783,0.7029565217391305,0.8298333333333333,0.3585555555555554,0.5727222222222222,PASS,1.0,1.0,1.0,24,25
GSE27262,0.1,5,2,0.7943333333333332,0.4916595365418893,1.3121937573616014,0.7276521739130435,0.8556666666666666,0.387540404040404,0.6015539215686275,PASS,1.0,1.0,1.0,24,25
GSE27262,0.1,6,2,0.7641666666666667,0.46149286987522276,1.2623601295641929,0.6996666666666667,0.824,0.3567862318840579,0.567141414141414,PASS,1.0,1.0,1.0,24,25
GSE27262,0.1,7,2,0.788,0.48532620320855613,1.3017314487632508,0.7350000000000001,0.837,0.38738315217391306,0.5863611111111112,PASS,1.0,1.0,1.0,24,25
GSE27262,0.1,8,2,0.758,0.4553262032085561,1.252173144876325,0.6942857142857142,0.8155,0.3516841100076394,0.5605130718954249,PASS,1.0,1.0,1.0,24,25
GSE27262,0.1,9,2,0.7618333333333334,0.45915953654188946,1.2585055948174322,0.7,0.824,0.3533325216450215,0.5660000000000001,PASS,1.0,1.0,1.0,24,25
GSE27262,0.1,10,2,0.7641666666666667,0.46149286987522276,1.2623601295641929,0.6994545454545453,0.8251666666666667,0.3585712792642141,0.5700555555555555,PASS,1.0,1.0,1.0,24,25
GSE27262,0.1,11,2,0.762,0.4593262032085561,1.258780918727915,0.7113333333333334,0.8100869565217391,0.3615245098039215,0.5588898809523808,PASS,1.0,1.0,1.0,24,25
GSE27262,0.1,12,2,0.7858333333333334,0.4831595365418895,1.2981522379269728,0.7219130434782609,0.8428333333333334,0.3800795454545456,0.5893030303030301,PASS,1.0,1.0,1.0,24,25
GSE27262,0.1,13,2,0.7621666666666667,0.45949286987522275,1.2590562426383978,0.7094545454545453,0.8119999999999999,0.3604841269841271,0.560783422459893,PASS,1.0,1.0,1.0,24,25
GSE27262,0.1,14,2,0.7236666666666666,0.42099286987522266,1.1954564193168429,0.6628333333333333,0.7839999999999999,0.31797619047619036,0.5263939393939394,PASS,1.0,1.0,1.0,24,25
GSE27262,0.1,15,2,0.7498333333333334,0.44715953654188945,1.2386822732626617,0.6894999999999998,0.8039999999999999,0.3453650793650795,0.551614081996435,PASS,1.0,1.0,1.0,24,25
GSE27262,0.1,16,2,0.8108333333333333,0.5081595365418894,1.3394508244994108,0.7572727272727272,0.86,0.410029411764706,0.6111414141414141,PASS,1.0,1.0,1.0,24,25
GSE27262,0.1,17,2,0.79,0.48732620320855613,1.3050353356890458,0.7215652173913043,0.8511666666666666,0.38080952380952365,0.59601871657754,PASS,1.0,1.0,1.0,24,25
GSE27262,0.1,18,2,0.7985000000000001,0.4958262032085562,1.319076855123675,0.738,0.8556666666666668,0.3925151515151516,0.6014068627450979,PASS,1.0,1.0,1.0,24,25
GSE27262,0.1,19,2,0.7741666666666667,0.47149286987522276,1.2788795641931683,0.708,0.8359999999999999,0.3663238636363637,0.5786372549019607,PASS,1.0,1.0,1.0,24,25
GSE27262,0.25,0,4,0.5584999999999999,0.255826203208556,0.9226104240282682,0.4837894736842105,0.6359999999999999,0.14501515151515132,0.3709444444444445,PASS,1.0,1.0,1.0,24,25
GSE27262,0.25,1,4,0.5503333333333332,0.24765953654188932,0.9091195524146051,0.47733333333333333,0.6196666666666666,0.14194397759103639,0.3627549019607843,PASS,1.0,1.0,1.0,24,25
GSE27262,0.25,2,4,0.5894999999999999,0.286826203208556,0.9738206713780916,0.4975,0.672,0.16266666666666674,0.40970535714285716,PASS,1.0,1.0,1.0,24,25
GSE27262,0.25,3,4,0.5910000000000001,0.2883262032085562,0.9762985865724381,0.508,0.6759999999999999,0.17340196078431375,0.40742270531400954,PASS,1.0,1.0,1.0,24,25
GSE27262,0.25,4,4,0.5793333333333334,0.27665953654188946,0.9570259128386336,0.5,0.66,0.1596111111111112,0.3926176470588234,PASS,1.0,1.0,1.0,24,25
GSE27262,0.25,5,4,0.6256666666666667,0.3229928698752228,1.0335659599528857,0.5403333333333333,0.708,0.20347101449275362,0.4412916666666665,PASS,1.0,1.0,1.0,24,25
GSE27262,0.25,6,4,0.5651666666666666,0.2624928698752227,0.9336233804475851,0.49199999999999994,0.636,0.15463865546218492,0.37806249999999986,PASS,1.0,1.0,1.0,24,25
GSE27262,0.25,7,4,0.6601666666666669,0.357492869875223,1.0905580094228506,0.5890434782608697,0.728,0.24866576086956532,0.469692513368984,PASS,1.0,1.0,1.0,24,25
GSE27262,0.25,8,4,0.5201666666666667,0.21749286987522276,0.8592859246171966,0.43547826086956526,0.603,0.09733333333333322,0.3405330349531117,PASS,1.0,1.0,1.0,24,25
GSE27262,0.25,9,4,0.5925,0.2898262032085561,0.9787765017667843,0.516,0.6685217391304347,0.1754047619047619,0.40516666666666673,PASS,1.0,1.0,1.0,24,25
GSE27262,0.25,10,4,0.5713333333333334,0.26865953654188945,0.9438103651354534,0.49900000000000005,0.644,0.1589444444444444,0.3841401515151515,PASS,1.0,1.0,1.0,24,25
GSE27262,0.25,11,4,0.5566666666666668,0.25399286987522285,0.9195818610129564,0.48400000000000004,0.628,0.142736111111111,0.36985294117647044,PASS,1.0,1.0,1.0,24,25
GSE27262,0.25,12,4,0.5845,0.2818262032085561,0.9655609540636041,0.4871666666666667,0.6799999999999999,0.15551383399209473,0.4145854700854701,PASS,1.0,1.0,1.0,24,25
GSE27262,0.25,13,4,0.6040000000000001,0.3013262032085562,0.997773851590106,0.5228333333333333,0.6799999999999999,0.18298989898989898,0.41664734299516915,PASS,1.0,1.0,1.0,24,25
GSE27262,0.25,14,4,0.5386666666666667,0.23599286987522283,0.8898468786808009,0.4573333333333333,0.6200000000000001,0.1249509803921568,0.354818181818182,PASS,1.0,1.0,1.0,24,25
GSE27262,0.25,15,4,0.5690000000000001,0.26632620320855616,0.9399558303886925,0.4999999999999999,0.6353333333333333,0.15791176470588236,0.3766354852876592,PASS,1.0,1.0,1.0,24,25
GSE27262,0.25,16,4,0.6396666666666666,0.3369928698752227,1.0566931684334508,0.5685714285714286,0.708,0.23172222222222227,0.4549215686274508,PASS,1.0,1.0,1.0,24,25
GSE27262,0.25,17,4,0.6485,0.34582620320855606,1.0712853356890457,0.5589999999999999,0.7291666666666665,0.22132729468599027,0.4664285714285714,PASS,1.0,1.0,1.0,24,25
GSE27262,0.25,18,4,0.6218333333333332,0.31915953654188933,1.0272335100117782,0.5396666666666667,0.7,0.20083333333333342,0.4389166666666668,PASS,1.0,1.0,1.0,24,25
GSE27262,0.25,19,4,0.5809999999999998,0.27832620320855594,0.9597791519434625,0.4999999999999999,0.6615652173913044,0.16061111111111104,0.39714285714285735,PASS,1.0,1.0,1.0,24,25
GSE27262,0.5,0,7,0.35583333333333345,0.05315953654188954,0.5878165488810366,0.25083333333333335,0.46199999999999997,-0.0807222222222223,0.19142424242424239,INSUFFICIENT_SUPPORT,1.0,1.0,1.0,24,25
GSE27262,0.5,1,7,0.2681666666666668,-0.03450713012477713,0.4429961719670201,0.1798260869565218,0.3627826086956521,-0.1538787878787879,0.09233333333333343,INSUFFICIENT_SUPPORT,1.0,1.0,1.0,24,25
GSE27262,0.5,2,7,0.3843333333333333,0.0816595365418894,0.6348969375736159,0.295,0.4759999999999999,-0.039719251336898354,0.20747963800904978,INSUFFICIENT_SUPPORT,1.0,1.0,1.0,24,25
GSE27262,0.5,3,7,0.39350000000000007,0.09082620320855617,0.6500397526501767,0.28800000000000003,0.4925,-0.04269362745098043,0.22188888888888897,INSUFFICIENT_SUPPORT,1.0,1.0,1.0,24,25
GSE27262,0.5,4,7,0.28650000000000003,-0.016173796791443873,0.4732818021201413,0.17933333333333346,0.396,-0.15154347826086972,0.11933333333333324,INSUFFICIENT_SUPPORT,1.0,1.0,1.0,24,25
GSE27262,0.5,5,7,0.4088333333333333,0.10615953654188942,0.6753695524146053,0.31949999999999984,0.49513043478260854,-0.016691919191919202,0.2265555555555555,INSUFFICIENT_SUPPORT,1.0,1.0,1.0,24,25
GSE27262,0.5,6,7,0.4193333333333334,0.11665953654188949,0.6927149587750294,0.35200000000000015,0.48400000000000004,0.013388888888888728,0.22672058823529426,PASS,1.0,1.0,1.0,24,25
GSE27262,0.5,7,7,0.49983333333333335,0.19715953654188945,0.8256964075382802,0.4078333333333332,0.588,0.07460256410256394,0.31903431372549024,PASS,1.0,1.0,1.0,24,25
GSE27262,0.5,8,7,0.3066666666666667,0.003992869875222793,0.5065959952885748,0.20571428571428552,0.4076521739130435,-0.12911111111111123,0.13916666666666666,INSUFFICIENT_SUPPORT,1.0,1.0,1.0,24,25
GSE27262,0.5,9,7,0.4651666666666667,0.16249286987522277,0.7684290341578326,0.38399999999999995,0.5463333333333332,0.05030481283422461,0.2800454545454545,PASS,1.0,1.0,1.0,24,25
GSE27262,0.5,10,7,0.38866666666666655,0.08599286987522264,0.6420553592461716,0.2994545454545453,0.4799999999999999,-0.03331372549019607,0.20861764705882357,INSUFFICIENT_SUPPORT,1.0,1.0,1.0,24,25
GSE27262,0.5,11,7,0.35916666666666663,0.05649286987522273,0.5933230270906947,0.2576666666666667,0.45599999999999996,-0.07784724482678451,0.18711616161616154,INSUFFICIENT_SUPPORT,1.0,1.0,1.0,24,25
GSE27262,0.5,12,7,0.40416666666666645,0.10149286987522255,0.6676604829210832,0.28763636363636363,0.5164999999999997,-0.044444444444444564,0.24448416289592756,INSUFFICIENT_SUPPORT,1.0,1.0,1.0,24,25
GSE27262,0.5,13,7,0.4149999999999999,0.11232620320855602,0.6855565371024732,0.332,0.4960000000000001,-0.008257575757575908,0.23458547008547,INSUFFICIENT_SUPPORT,1.0,1.0,1.0,24,25
GSE27262,0.5,14,7,0.31133333333333324,0.008659536541889334,0.5143050647820964,0.20173913043478264,0.41716666666666663,-0.1252222222222224,0.1495454545454546,INSUFFICIENT_SUPPORT,1.0,1.0,1.0,24,25
GSE27262,0.5,15,7,0.38683333333333336,0.08415953654188946,0.6390267962308598,0.30399999999999977,0.4653333333333333,-0.03334848484848474,0.20454545454545453,INSUFFICIENT_SUPPORT,1.0,1.0,1.0,24,25
GSE27262,0.5,16,7,0.39199999999999996,0.08932620320855605,0.6475618374558302,0.2999999999999998,0.48400000000000015,-0.032088235294117584,0.22122222222222224,INSUFFICIENT_SUPPORT,1.0,1.0,1.0,24,25
GSE27262,0.5,17,7,0.43483333333333335,0.13215953654188944,0.718320082449941,0.332909090909091,0.5366666666666665,0.00011497326203208091,0.26691919191919183,PASS,1.0,1.0,1.0,24,25
GSE27262,0.5,18,7,0.4026666666666666,0.09999286987522271,0.6651825677267371,0.3076521739130434,0.5000000000000002,-0.02938461538461523,0.23288392857142848,INSUFFICIENT_SUPPORT,1.0,1.0,1.0,24,25
GSE27262,0.5,19,7,0.3288333333333332,0.026159536541889294,0.543214075382803,0.23286956521739127,0.4231666666666664,-0.09973550724637686,0.15548989898989893,INSUFFICIENT_SUPPORT,1.0,1.0,1.0,24,25
GSE27262,0.75,0,10,0.1595000000000001,-0.14317379679144382,0.26348498233215556,0.040999999999999925,0.2745000000000001,-0.28731667054173454,7.625948930300996e-05,INSUFFICIENT_SUPPORT,1.0,1.0,1.0,24,25
GSE27262,0.75,1,10,0.06566666666666665,-0.23700713012477725,0.10847762073027085,-0.03945454545454541,0.176,-0.3701974789915966,-0.09719381598793372,FAIL,1.0,1.0,1.0,24,25
GSE27262,0.75,2,10,0.10433333333333328,-0.19834046345811063,0.17235276796230847,-0.003826086956521757,0.21099999999999985,-0.3359141414141414,-0.060058823529411914,FAIL,1.0,1.0,1.0,24,25
GSE27262,0.75,3,10,0.1238333333333333,-0.1788404634581106,0.20456566548881028,0.010086956521739188,0.25033333333333324,-0.32200000000000006,-0.02992602495543667,FAIL,1.0,1.0,1.0,24,25
GSE27262,0.75,4,10,0.021166666666666778,-0.2815071301247771,0.034966136631331156,-0.1050909090909089,0.15269565217391307,-0.43063858695652163,-0.1290252525252526,FAIL,1.0,1.0,1.0,24,25
GSE27262,0.75,5,10,0.14600000000000002,-0.1566737967914439,0.24118374558303884,0.03200000000000003,0.25600000000000006,-0.29619047619047606,-0.010395833333333354,FAIL,1.0,1.0,1.0,24,25
GSE27262,0.75,6,10,0.192,-0.1106737967914439,0.31717314487632503,0.10069565217391307,0.2879999999999999,-0.2304444444444444,0.017690821256038686,INSUFFICIENT_SUPPORT,1.0,1.0,1.0,24,25
GSE27262,0.75,7,10,0.21633333333333332,-0.08634046345811058,0.3573704358068315,0.12266666666666654,0.3071666666666666,-0.21584581105169354,0.039830065359476974,INSUFFICIENT_SUPPORT,1.0,1.0,1.0,24,25
GSE27262,0.75,8,10,0.08983333333333332,-0.21284046345811058,0.1483995877502944,-0.028000000000000136,0.21233333333333326,-0.3620183823529412,-0.06579468599033816,FAIL,1.0,1.0,1.0,24,25
GSE27262,0.75,9,10,0.2713333333333332,-0.0313404634581107,0.4482273262661952,0.16099999999999992,0.3777391304347827,-0.1608730158730159,0.10311111111111107,INSUFFICIENT_SUPPORT,1.0,1.0,1.0,24,25
GSE27262,0.75,10,10,0.15166666666666673,-0.15100713012477718,0.25054475853945823,0.0578333333333334,0.2456363636363637,-0.27372222222222226,-0.023064791133844742,FAIL,1.0,1.0,1.0,24,25
GSE27262,0.75,11,10,0.10533333333333339,-0.19734046345811052,0.17400471142520618,0.007999999999999896,0.20333333333333337,-0.32627360562143176,-0.06242929292929303,FAIL,1.0,1.0,1.0,24,25
GSE27262,0.75,12,10,0.2368333333333334,-0.06584046345811051,0.3912352767962309,0.11033333333333334,0.36399999999999993,-0.22388888888888903,0.08768750000000003,INSUFFICIENT_SUPPORT,1.0,1.0,1.0,24,25
GSE27262,0.75,13,10,0.1409999999999999,-0.161673796791444,0.23292402826855105,0.06365217391304356,0.21999999999999992,-0.27097549019607853,-0.03933333333333339,FAIL,1.0,1.0,1.0,24,25
GSE27262,0.75,14,10,0.0741666666666666,-0.2285071301247773,0.12251914016489976,-0.040000000000000036,0.197217391304348,-0.36498331137461576,-0.07806250000000003,FAIL,1.0,1.0,1.0,24,25
GSE27262,0.75,15,10,0.15349999999999997,-0.14917379679144394,0.25357332155477025,0.06400000000000006,0.2403333333333334,-0.2685,-0.025502415458937222,FAIL,1.0,1.0,1.0,24,25
GSE27262,0.75,16,10,0.13950000000000007,-0.16317379679144384,0.230446113074205,0.04249999999999998,0.2396521739130435,-0.2853913043478261,-0.02914705882352936,FAIL,1.0,1.0,1.0,24,25
GSE27262,0.75,17,10,0.15316666666666673,-0.14950713012477718,0.25302267373380455,0.03756521739130436,0.2772727272727272,-0.29539075630252104,0.001752525252525089,INSUFFICIENT_SUPPORT,1.0,1.0,1.0,24,25
GSE27262,0.75,18,10,0.16366666666666674,-0.13900713012477717,0.2703680800942286,0.0528333333333334,0.27599999999999997,-0.27519444444444446,0.0025555555555556997,INSUFFICIENT_SUPPORT,1.0,1.0,1.0,24,25
GSE27262,0.75,19,10,0.07199999999999995,-0.23067379679144395,0.11893992932862181,-0.01252173913043475,0.15400000000000003,-0.3456025641025641,-0.1077038043478262,FAIL,1.0,1.0,1.0,24,25
GSE27262,1.0,0,13,0.002166666666666761,-0.30050713012477714,0.0035792108362781294,-0.11199999999999993,0.12,-0.44808974358974357,-0.15649999999999992,FAIL,1.0,1.0,1.0,24,25
GSE27262,1.0,1,13,-0.0708333333333333,-0.3735071301247772,-0.11701266195524139,-0.18400000000000005,0.05036363636363628,-0.5139191919191921,-0.22345833333333343,FAIL,1.0,1.0,1.0,24,25
GSE27262,1.0,2,13,-0.050999999999999934,-0.35367379679144384,-0.08424911660777373,-0.15999999999999998,0.05599999999999994,-0.4920555555555556,-0.21461111111111114,FAIL,1.0,1.0,1.0,24,25
GSE27262,1.0,3,13,-0.011166666666666658,-0.31384046345811056,-0.018446702002355694,-0.132,0.1198333333333334,-0.4582499999999999,-0.16137878787878784,FAIL,1.0,1.0,1.0,24,25
GSE27262,1.0,4,13,-0.11666666666666659,-0.4193404634581105,-0.1927267373380446,-0.24399999999999977,0.009499999999999842,-0.5694298642533937,-0.2713333333333334,FAIL,1.0,1.0,1.0,24,25
GSE27262,1.0,5,13,-0.004666666666666597,-0.3073404634581105,-0.007709069493521674,-0.1279999999999999,0.11199999999999988,-0.45831818181818174,-0.1613071895424837,FAIL,1.0,1.0,1.0,24,25
GSE27262,1.0,6,13,0.04483333333333328,-0.2578404634581106,0.07406213191990567,-0.04916666666666669,0.13999999999999996,-0.38011111111111107,-0.13024019607843146,FAIL,1.0,1.0,1.0,24,25
GSE27262,1.0,7,13,0.07983333333333342,-0.22284046345811048,0.13188015312131932,-0.007499999999999951,0.17133333333333345,-0.34525000000000006,-0.09971657754010704,FAIL,1.0,1.0,1.0,24,25
GSE27262,1.0,8,13,-0.06799999999999995,-0.37067379679144385,-0.1123321554770317,-0.17217391304347823,0.03854545454545466,-0.5051868686868688,-0.2341666666666666,FAIL,1.0,1.0,1.0,24,25
GSE27262,1.0,9,13,0.06449999999999995,-0.23817379679144396,0.10655035335689035,-0.049833333333333285,0.17383333333333328,-0.3743177749360613,-0.1048478260869565,FAIL,1.0,1.0,1.0,24,25
GSE27262,1.0,10,13,0.028833333333333266,-0.27384046345811064,0.04763103651354523,-0.06121739130434789,0.11499999999999988,-0.39335005574136006,-0.1543333333333332,FAIL,1.0,1.0,1.0,24,25
GSE27262,1.0,11,13,0.02183333333333337,-0.28084046345811053,0.03606743227326272,-0.08173913043478248,0.12643478260869567,-0.4133846153846154,-0.13987198067632844,FAIL,1.0,1.0,1.0,24,25
GSE27262,1.0,12,13,0.06766666666666665,-0.23500713012477725,0.11178150765606591,-0.0685217391304348,0.20399999999999996,-0.3962450592885375,-0.0709375000000001,FAIL,1.0,1.0,1.0,24,25
GSE27262,1.0,13,13,-0.0038333333333334663,-0.30650713012477737,-0.006332449941107403,-0.0949565217391306,0.08400000000000007,-0.43203562801932366,-0.1774166666666666,FAIL,1.0,1.0,1.0,24,25
GSE27262,1.0,14,13,-0.018166666666666664,-0.32084046345811057,-0.03001030624263839,-0.1279999999999999,0.09983333333333338,-0.4562689075630253,-0.17575000000000018,FAIL,1.0,1.0,1.0,24,25
GSE27262,1.0,15,13,-0.030999999999999917,-0.3336737967914438,-0.05121024734982318,-0.128695652173913,0.06733333333333336,-0.4635555555555555,-0.2033921568627451,FAIL,1.0,1.0,1.0,24,25
GSE27262,1.0,16,13,-0.013833333333333364,-0.31650713012477727,-0.022851884570082498,-0.10783333333333334,0.07999999999999996,-0.43862500000000004,-0.18400000000000005,FAIL,1.0,1.0,1.0,24,25
GSE27262,1.0,17,13,-0.01866666666666661,-0.3213404634581105,-0.03083627797408706,-0.15199999999999997,0.11600000000000005,-0.48175000000000007,-0.15961363636363624,FAIL,1.0,1.0,1.0,24,25
GSE27262,1.0,18,13,-0.00983333333333325,-0.31250713012477715,-0.016244110718492202,-0.1359999999999999,0.11599999999999994,-0.46436507936507937,-0.16231410256410256,FAIL,1.0,1.0,1.0,24,25
GSE27262,1.0,19,13,-0.08749999999999991,-0.3901737967914438,-0.1445450530035334,-0.18,0.01200000000000001,-0.5159464285714286,-0.26117838874680327,FAIL,1.0,1.0,1.0,24,25
GSE32863,0,0,0,0.6146825396825397,0.3120087428910958,1.0154208031858207,0.5542767295597485,0.6739844683393071,0.20654089918795793,0.42043742509844206,PASS,0.8103448275862069,0.9491525423728814,1.0,28,54
GSE32863,0.1,0,2,0.4802910052910052,0.1776172084995613,0.7934135864789572,0.4181818181818182,0.5456458635703918,0.07017850536440978,0.29034607005195245,PASS,0.8103448275862069,0.9491525423728814,1.0,28,54
GSE32863,0.1,1,2,0.5,0.1973262032085561,0.8259717314487631,0.43945998698763833,0.5605050505050505,0.0927064765300058,0.3027708850289495,PASS,0.8103448275862069,0.9491525423728814,1.0,28,54
GSE32863,0.1,2,2,0.5037037037037035,0.20102990691225964,0.8320900405706055,0.4314736842105261,0.5742132867132866,0.0938471989966555,0.3111982380364734,PASS,0.8103448275862069,0.9491525423728814,1.0,28,54
GSE32863,0.1,3,2,0.4802910052910052,0.1776172084995613,0.7934135864789572,0.4101851851851852,0.550791788856305,0.07007675661053625,0.29329567017422814,PASS,0.8103448275862069,0.9491525423728814,1.0,28,54
GSE32863,0.1,4,2,0.5043650793650793,0.20169128257363544,0.8331825957709348,0.44232736572890025,0.5647058823529412,0.10016025641025639,0.30969608611469657,PASS,0.8103448275862069,0.9491525423728814,1.0,28,54
GSE32863,0.1,5,2,0.5355820105820107,0.2329082137905668,0.8847512012264663,0.46803773584905667,0.6030303030303031,0.12362599206349195,0.3468386096576994,PASS,0.8103448275862069,0.9491525423728814,1.0,28,54
GSE32863,0.1,6,2,0.49550264550264533,0.19282884871120143,0.8185423560865253,0.4336363636363637,0.5554545454545455,0.09010051712992884,0.30153297682709457,PASS,0.8103448275862069,0.9491525423728814,1.0,28,54
GSE32863,0.1,7,2,0.5027777777777778,0.20010398098633386,0.8305604632901451,0.4409238776837995,0.5634803921568627,0.09861111111111098,0.31103835978835975,PASS,0.8103448275862069,0.9491525423728814,1.0,28,54
GSE32863,0.1,8,2,0.5435185185185185,0.2408447217270746,0.8978618636304146,0.4742424242424244,0.6115902964959569,0.13341153470185718,0.35520787648703467,PASS,0.8103448275862069,0.9491525423728814,1.0,28,54
GSE32863,0.1,9,2,0.5137566137566137,0.21108281696516984,0.8486968796156074,0.45841642228739,0.5692016317016317,0.10980137509549276,0.3203869047619047,PASS,0.8103448275862069,0.9491525423728814,1.0,28,54
GSE32863,0.1,10,2,0.5191798941798942,0.21650609738845028,0.8576558322583057,0.45804713804713815,0.5771365149833518,0.11608288770053493,0.32816546429892723,PASS,0.8103448275862069,0.9491525423728814,1.0,28,54
GSE32863,0.1,11,2,0.48518518518518516,0.18251138839374126,0.8014984949613924,0.41772486772486767,0.5505642633228839,0.07472890671420096,0.298233379196868,PASS,0.8103448275862069,0.9491525423728814,1.0,28,54
GSE32863,0.1,12,2,0.48849206349206353,0.18581826670061963,0.8069612709630377,0.4223703703703703,0.5550558312655086,0.0781671087533155,0.3003863346104725,PASS,0.8103448275862069,0.9491525423728814,1.0,28,54
GSE32863,0.1,13,2,0.4810846560846561,0.1784108592932122,0.7947246527193522,0.4218939393939393,0.5365093240093242,0.07504446626255723,0.2889504776269484,PASS,0.8103448275862069,0.9491525423728814,1.0,28,54
GSE32863,0.1,14,2,0.4797619047619047,0.17708810797046082,0.7925395423186941,0.4137161084529506,0.5447169811320756,0.07122807017543858,0.28723738940882737,PASS,0.8103448275862069,0.9491525423728814,1.0,28,54
GSE32863,0.1,15,2,0.5232804232804233,0.22060662648897944,0.8644296745003458,0.45789473684210524,0.5810771889400922,0.1153042108753316,0.33147237460815054,PASS,0.8103448275862069,0.9491525423728814,1.0,28,54
GSE32863,0.1,16,2,0.48399470899470903,0.18132091220326513,0.7995318956008001,0.4171539961013646,0.5493939393939394,0.07243589743589746,0.29709282879818594,PASS,0.8103448275862069,0.9491525423728814,1.0,28,54
GSE32863,0.1,17,2,0.5038359788359787,0.20116218204453484,0.8323085516106714,0.4365384615384616,0.5685185185185185,0.0946548821548821,0.3133249956874246,PASS,0.8103448275862069,0.9491525423728814,1.0,28,54
GSE32863,0.1,18,2,0.4887566137566137,0.18608281696516982,0.8073982930431691,0.42884615384615393,0.5484468339307049,0.08307063622822064,0.2968240093240093,PASS,0.8103448275862069,0.9491525423728814,1.0,28,54
GSE32863,0.1,19,2,0.4907407407407407,0.1880669439492968,0.8106759586441563,0.427469387755102,0.5508928571428572,0.08619528619528621,0.2950872656755009,PASS,0.8103448275862069,0.9491525423728814,1.0,28,54
GSE32863,0.25,0,4,0.36481481481481487,0.062141018023370964,0.602653448501505,0.3092857142857143,0.4212962962962962,-0.03671568627450983,0.16642721604770946,INSUFFICIENT_SUPPORT,0.8103448275862069,0.9491525423728814,1.0,28,54
GSE32863,0.25,1,4,0.38227513227513227,0.07960133548368836,0.6314969057901919,0.317581475128645,0.4475349969567864,-0.02520053475935835,0.1899807946682946,INSUFFICIENT_SUPPORT,0.8103448275862069,0.9491525423728814,1.0,28,54
GSE32863,0.25,2,4,0.38888888888888884,0.08621509209744493,0.6424224577934823,0.31913043478260855,0.4565608465608466,-0.022979797979797933,0.19847670250896052,INSUFFICIENT_SUPPORT,0.8103448275862069,0.9491525423728814,1.0,28,54
GSE32863,0.25,3,4,0.38333333333333336,0.08065953654188945,0.6332449941107184,0.31544444444444436,0.45254901960784316,-0.02849326599326607,0.19325450910908198,INSUFFICIENT_SUPPORT,0.8103448275862069,0.9491525423728814,1.0,28,54
GSE32863,0.25,4,4,0.38108465608465597,0.07841085929321207,0.6295303064295994,0.31692592592592606,0.43888888888888894,-0.025688405797101466,0.19017261711125572,INSUFFICIENT_SUPPORT,0.8103448275862069,0.9491525423728814,1.0,28,54
GSE32863,0.25,5,4,0.4109788359788361,0.1083050391873922,0.678913801484473,0.3459090909090909,0.4766806722689075,0.0053520553520552405,0.2217926561483407,PASS,0.8103448275862069,0.9491525423728814,1.0,28,54
GSE32863,0.25,6,4,0.3931216931216931,0.09044789633024919,0.6494148110755883,0.3335925925925926,0.45285714285714285,-0.011960784313725603,0.19955782312925174,INSUFFICIENT_SUPPORT,0.8103448275862069,0.9491525423728814,1.0,28,54
GSE32863,0.25,7,4,0.38769841269841293,0.08502461590696903,0.6404558584328905,0.32703984819734355,0.451116427432217,-0.01991765480895935,0.1992560941043085,INSUFFICIENT_SUPPORT,0.8103448275862069,0.9491525423728814,1.0,28,54
GSE32863,0.25,8,4,0.3882275132275133,0.0855537164360694,0.6413299025931535,0.31568627450980385,0.46086587436332765,-0.022482789282145754,0.20227058659721198,INSUFFICIENT_SUPPORT,0.8103448275862069,0.9491525423728814,1.0,28,54
GSE32863,0.25,9,4,0.3814814814814815,0.07880768469003757,0.630185839549797,0.3233333333333333,0.4374999999999999,-0.02035956976588066,0.1862960568842922,INSUFFICIENT_SUPPORT,0.8103448275862069,0.9491525423728814,1.0,28,54
GSE32863,0.25,10,4,0.37156084656084665,0.06888704976940274,0.6137975115448614,0.302021563342318,0.4346560846560845,-0.036965811965812057,0.1791994720965308,INSUFFICIENT_SUPPORT,0.8103448275862069,0.9491525423728814,1.0,28,54
GSE32863,0.25,11,4,0.3817460317460316,0.0790722349545877,0.6306228616299284,0.30476190476190496,0.4589774557165863,-0.03504055258467026,0.20096537234695122,INSUFFICIENT_SUPPORT,0.8103448275862069,0.9491525423728814,1.0,28,54
GSE32863,0.25,12,4,0.3707671957671957,0.06809339897575178,0.6124864453044663,0.3069090909090909,0.4390484003281378,-0.0358771538918598,0.18219696969696977,INSUFFICIENT_SUPPORT,0.8103448275862069,0.9491525423728814,1.0,28,54
GSE32863,0.25,13,4,0.3628306878306879,0.06015689103924399,0.5993757829005179,0.3106153846153846,0.41410675381263623,-0.04010989010989002,0.1660555555555556,INSUFFICIENT_SUPPORT,0.8103448275862069,0.9491525423728814,1.0,28,54
GSE32863,0.25,14,4,0.3522486772486772,0.049574880457233295,0.5818948996952529,0.28625356125356133,0.4182692307692307,-0.053459595959595874,0.15817775974025966,INSUFFICIENT_SUPPORT,0.8103448275862069,0.9491525423728814,1.0,28,54
GSE32863,0.25,15,4,0.43955026455026447,0.13687646775882056,0.7261121861386877,0.37184065934065924,0.499074074074074,0.02993853630646076,0.24925213675213675,PASS,0.8103448275862069,0.9491525423728814,1.0,28,54
GSE32863,0.25,16,4,0.3667989417989417,0.06412514500749777,0.6059311141024919,0.2987663280116109,0.42976923076923085,-0.041787802840434374,0.17267549444020047,INSUFFICIENT_SUPPORT,0.8103448275862069,0.9491525423728814,1.0,28,54
GSE32863,0.25,17,4,0.3919312169312169,0.089257420139773,0.647448211714996,0.3242424242424243,0.4571339950372207,-0.016651040993146238,0.2022355399840187,INSUFFICIENT_SUPPORT,0.8103448275862069,0.9491525423728814,1.0,28,54
GSE32863,0.25,18,4,0.36732804232804245,0.06465424553659854,0.6068051582627555,0.3023076923076923,0.43145604395604403,-0.04070198263910241,0.17416122004357298,INSUFFICIENT_SUPPORT,0.8103448275862069,0.9491525423728814,1.0,28,54
GSE32863,0.25,19,4,0.41574074074074074,0.11306694394929684,0.686780198926842,0.35370018975332057,0.4746779388083736,0.007374794745484303,0.2224966662910375,PASS,0.8103448275862069,0.9491525423728814,1.0,28,54
GSE32863,0.5,0,7,0.32738095238095255,0.024707155589508645,0.5408148241628808,0.25108932461873634,0.4036363636363636,-0.09074267010879594,0.14401270772238506,INSUFFICIENT_SUPPORT,0.8103448275862069,0.9491525423728814,1.0,28,54
GSE32863,0.5,1,7,0.2682539682539682,-0.034419828537475716,0.4431403892534633,0.20373584905660375,0.33202917771883284,-0.13801515151515154,0.07350573821339948,INSUFFICIENT_SUPPORT,0.8103448275862069,0.9491525423728814,1.0,28,54
GSE32863,0.5,2,7,0.32103174603174583,0.01835794924030193,0.5303262942397213,0.25014513788098697,0.38844339622641494,-0.09284982500443012,0.1295548813931167,INSUFFICIENT_SUPPORT,0.8103448275862069,0.9491525423728814,1.0,28,54
GSE32863,0.5,3,7,0.353042328042328,0.050368531250884085,0.5832059659356478,0.2840231284236153,0.42311538461538456,-0.05634087374044772,0.16162691223832534,INSUFFICIENT_SUPPORT,0.8103448275862069,0.9491525423728814,1.0,28,54
GSE32863,0.5,4,7,0.3148148148148148,0.01214101802337092,0.5200562753566287,0.24275862068965504,0.3811851851851851,-0.10066864295125166,0.12983821733821718,INSUFFICIENT_SUPPORT,0.8103448275862069,0.9491525423728814,1.0,28,54
GSE32863,0.5,5,7,0.3310846560846561,0.028410859293212187,0.5469331332847233,0.2778940886699508,0.3840769230769231,-0.0701727419118724,0.13594457013574657,INSUFFICIENT_SUPPORT,0.8103448275862069,0.9491525423728814,1.0,28,54
GSE32863,0.5,6,7,0.31349206349206354,0.010818266700619639,0.5178711649559706,0.2530113636363637,0.3780769230769232,-0.0938382594417077,0.12090221201212581,INSUFFICIENT_SUPPORT,0.8103448275862069,0.9491525423728814,1.0,28,54
GSE32863,0.5,7,7,0.31164021164021155,0.008966414848767645,0.514812010395049,0.24835016835016838,0.3764687100893996,-0.09110349821746883,0.12114037922861448,INSUFFICIENT_SUPPORT,0.8103448275862069,0.9491525423728814,1.0,28,54
GSE32863,0.5,8,7,0.3026455026455026,-2.8294145941298865e-05,0.499953259670574,0.2267857142857143,0.3749857061177816,-0.11033156498673741,0.11623774509803919,INSUFFICIENT_SUPPORT,0.8103448275862069,0.9491525423728814,1.0,28,54
GSE32863,0.5,9,7,0.2845238095238095,-0.018149987267634393,0.470017247181558,0.22631987577639745,0.33939393939393936,-0.11918769302224569,0.09130418443037025,INSUFFICIENT_SUPPORT,0.8103448275862069,0.9491525423728814,1.0,28,54
GSE32863,0.5,10,7,0.28650793650793654,-0.01616586028350736,0.47329491278254526,0.22080769230769232,0.3530651340996168,-0.1201340326340326,0.09444878296146031,INSUFFICIENT_SUPPORT,0.8103448275862069,0.9491525423728814,1.0,28,54
GSE32863,0.5,11,7,0.27341269841269833,-0.029261098378745576,0.45166231981602983,0.20062111801242227,0.34758254716981124,-0.1406613756613757,0.08669176003734808,INSUFFICIENT_SUPPORT,0.8103448275862069,0.9491525423728814,1.0,28,54
GSE32863,0.5,12,7,0.2760582010582011,-0.02661559573324279,0.45603254061734627,0.21336842105263149,0.33766270514997176,-0.1332010582010582,0.08493154158215005,INSUFFICIENT_SUPPORT,0.8103448275862069,0.9491525423728814,1.0,28,54
GSE32863,0.5,13,7,0.2611111111111112,-0.04156268568033272,0.43134079308990975,0.1950134770889489,0.3242760942760942,-0.14758852258852273,0.06439255189255183,INSUFFICIENT_SUPPORT,0.8103448275862069,0.9491525423728814,1.0,28,54
GSE32863,0.5,14,7,0.2584656084656085,-0.044208188325835396,0.4269705722885935,0.19599056603773585,0.32176923076923075,-0.1455818321523094,0.06483543417366947,INSUFFICIENT_SUPPORT,0.8103448275862069,0.9491525423728814,1.0,28,54
GSE32863,0.5,15,7,0.35608465608465617,0.053410859293212265,0.5882317198571616,0.27891849529780566,0.42971602434077083,-0.060482180293501,0.17451402974983093,INSUFFICIENT_SUPPORT,0.8103448275862069,0.9491525423728814,1.0,28,54
GSE32863,0.5,16,7,0.3066137566137566,0.003939959822312711,0.5065085908725484,0.23270502645502644,0.37985312899105994,-0.104887121757266,0.11818646232439323,INSUFFICIENT_SUPPORT,0.8103448275862069,0.9491525423728814,1.0,28,54
GSE32863,0.5,17,7,0.302910052910053,0.00023625611860911278,0.5003902817507059,0.23383620689655177,0.3708627450980391,-0.10508207070707065,0.11001893939393945,INSUFFICIENT_SUPPORT,0.8103448275862069,0.9491525423728814,1.0,28,54
GSE32863,0.5,18,7,0.2977513227513227,-0.004922474040121194,0.49186835118813904,0.23379629629629634,0.3631410256410256,-0.10787878787878796,0.10808823529411782,INSUFFICIENT_SUPPORT,0.8103448275862069,0.9491525423728814,1.0,28,54
GSE32863,0.5,19,7,0.3461640211640213,0.04349022437257738,0.5718433918522259,0.27755681818181815,0.41913345983554706,-0.06224747474747466,0.16065120013522646,INSUFFICIENT_SUPPORT,0.8103448275862069,0.9491525423728814,1.0,28,54
GSE32863,0.75,0,10,0.1746031746031747,-0.1280706221882692,0.2884345728868698,0.10785149117468051,0.24551282051282053,-0.23691022213081042,-0.015900383141762453,FAIL,0.8103448275862069,0.9491525423728814,1.0,28,54
GSE32863,0.75,1,10,0.12023809523809531,-0.1824357015533486,0.19862653541982173,0.05507099391480724,0.19097906403940884,-0.2862697963800906,-0.07550980392156881,FAIL,0.8103448275862069,0.9491525423728814,1.0,28,54
GSE32863,0.75,2,10,0.21679894179894177,-0.08587485499250214,0.3581395946678631,0.15611156685808025,0.27564655172413804,-0.18699096225412015,0.02332740788623139,INSUFFICIENT_SUPPORT,0.8103448275862069,0.9491525423728814,1.0,28,54
GSE32863,0.75,3,10,0.20238095238095238,-0.10029284441049152,0.33432189130068984,0.13960113960113968,0.2686026936026936,-0.20175245098039202,0.010195349723651659,INSUFFICIENT_SUPPORT,0.8103448275862069,0.9491525423728814,1.0,28,54
GSE32863,0.75,4,10,0.1518518518518519,-0.150821944939592,0.2508506739955504,0.07432266009852206,0.22793522267206484,-0.2677522349936142,-0.03454829484241265,FAIL,0.8103448275862069,0.9491525423728814,1.0,28,54
GSE32863,0.75,5,10,0.1910052910052909,-0.111668505786153,0.31552994185502997,0.132843137254902,0.2504629629629628,-0.2112482492997198,-0.004347662141779812,FAIL,0.8103448275862069,0.9491525423728814,1.0,28,54
GSE32863,0.75,6,10,0.16097883597883594,-0.14169496081260796,0.2659279357600911,0.10260247234873132,0.22287581699346415,-0.23999019607843142,-0.03389870285031582,FAIL,0.8103448275862069,0.9491525423728814,1.0,28,54
GSE32863,0.75,7,10,0.16560846560846554,-0.13706533118297837,0.27357582216239446,0.09827586206896544,0.23444444444444457,-0.24091440723019664,-0.019447102604997435,FAIL,0.8103448275862069,0.9491525423728814,1.0,28,54
GSE32863,0.75,8,10,0.175,-0.12767379679144392,0.2890901060070671,0.10215384615384615,0.24473684210526314,-0.23501984126984116,-0.009677618577075109,FAIL,0.8103448275862069,0.9491525423728814,1.0,28,54
GSE32863,0.75,9,10,0.15621693121693125,-0.14645686557451265,0.25806153831772205,0.0967407407407408,0.21268065268065278,-0.24612332112332108,-0.03747086247086259,FAIL,0.8103448275862069,0.9491525423728814,1.0,28,54
GSE32863,0.75,10,10,0.16838624338624342,-0.1342875534052005,0.2781645540037766,0.0997202797202798,0.2361772486772486,-0.23843567251461983,-0.023779461279461095,FAIL,0.8103448275862069,0.9491525423728814,1.0,28,54
GSE32863,0.75,11,10,0.1302910052910054,-0.1723827915004385,0.21523337446482338,0.06253881987577636,0.1973214285714286,-0.2793939393939393,-0.06020698051948048,FAIL,0.8103448275862069,0.9491525423728814,1.0,28,54
GSE32863,0.75,12,10,0.11626984126984125,-0.18640395552160266,0.19207120421784726,0.05840480274442533,0.17769230769230765,-0.28873696030136203,-0.07628156565656574,FAIL,0.8103448275862069,0.9491525423728814,1.0,28,54
GSE32863,0.75,13,10,0.11574074074074076,-0.18693305605070315,0.19119716005758408,0.04757004002287024,0.18122807017543857,-0.2931096681096681,-0.07599253144654083,FAIL,0.8103448275862069,0.9491525423728814,1.0,28,54
GSE32863,0.75,14,10,0.11507936507936495,-0.18759443171207896,0.19010460485725478,0.06160714285714297,0.17257834757834756,-0.28690440590111643,-0.08031513062409296,FAIL,0.8103448275862069,0.9491525423728814,1.0,28,54
GSE32863,0.75,15,10,0.16230158730158722,-0.14037220948985668,0.26811304616074916,0.0923461538461538,0.22763157894736846,-0.24691014394961763,-0.029064770512139043,FAIL,0.8103448275862069,0.9491525423728814,1.0,28,54
GSE32863,0.75,16,10,0.17248677248677258,-0.13018702430467133,0.28493839624581685,0.10505660377358489,0.24333333333333346,-0.2373474945533769,-0.011950280112044881,FAIL,0.8103448275862069,0.9491525423728814,1.0,28,54
GSE32863,0.75,17,10,0.10806878306878315,-0.19460501372266076,0.17852351973376718,0.047111111111111104,0.1710317460317461,-0.29697398190045227,-0.08220370370370375,FAIL,0.8103448275862069,0.9491525423728814,1.0,28,54
GSE32863,0.75,18,10,0.1652116402116403,-0.1374621565798036,0.2729202890421973,0.10629629629629628,0.22145748987854247,-0.24033679555738385,-0.031791191546516134,FAIL,0.8103448275862069,0.9491525423728814,1.0,28,54
GSE32863,0.75,19,10,0.2197089947089947,-0.08296480208244922,0.36294683754931095,0.14490950226244353,0.30089285714285735,-0.19153089013383123,0.03995588235294106,INSUFFICIENT_SUPPORT,0.8103448275862069,0.9491525423728814,1.0,28,54
GSE32863,1.0,0,13,0.020767195767195712,-0.2819066010242482,0.03430623329033213,-0.046296296296296224,0.0875643224699828,-0.3878812636165578,-0.17112470862470855,FAIL,0.8103448275862069,0.9491525423728814,1.0,28,54
GSE32863,1.0,1,13,-0.010582010582010637,-0.31325580737345454,-0.01748088320526492,-0.08953619909502258,0.07094155844155836,-0.42155323450134763,-0.1988016111247244,FAIL,0.8103448275862069,0.9491525423728814,1.0,28,54
GSE32863,1.0,2,13,0.07724867724867718,-0.22542511954276673,0.12761044739843314,0.025749999999999995,0.12769607843137254,-0.3239360754985755,-0.11848965848965848,FAIL,0.8103448275862069,0.9491525423728814,1.0,28,54
GSE32863,1.0,3,13,0.04576719576719579,-0.2569066010242481,0.07560481986277041,-0.013477088948787075,0.10923076923076919,-0.3576371371876368,-0.1499454342736711,FAIL,0.8103448275862069,0.9491525423728814,1.0,28,54
GSE32863,1.0,4,13,0.04193121693121693,-0.260742579860227,0.06926799970086188,-0.026999999999999913,0.11309523809523808,-0.3676247771836008,-0.15002383166705419,FAIL,0.8103448275862069,0.9491525423728814,1.0,28,54
GSE32863,1.0,5,13,0.014947089947089875,-0.28772670684435403,0.024691747527436452,-0.04943609022556389,0.07980769230769225,-0.3905275341130604,-0.17816866140395549,FAIL,0.8103448275862069,0.9491525423728814,1.0,28,54
GSE32863,1.0,6,13,0.027777777777777846,-0.27489601901366606,0.04588731841382029,-0.04451851851851851,0.1022798742138365,-0.38183080808080805,-0.16170716960524265,FAIL,0.8103448275862069,0.9491525423728814,1.0,28,54
GSE32863,1.0,7,13,0.01666666666666672,-0.2860071301247772,0.02753239104829219,-0.0475806451612904,0.07882352941176457,-0.3846987027134085,-0.1728019733534441,FAIL,0.8103448275862069,0.9491525423728814,1.0,28,54
GSE32863,1.0,8,13,0.0395502645502645,-0.2631235322411794,0.06533480097967721,-0.04330357142857133,0.11817129629629625,-0.37484213250517595,-0.14309561965811962,FAIL,0.8103448275862069,0.9491525423728814,1.0,28,54
GSE32863,1.0,9,13,-0.03915343915343916,-0.34182723594488307,-0.06467926785947987,-0.11207010582010579,0.03241509433962264,-0.45303580067731003,-0.22572201294310829,FAIL,0.8103448275862069,0.9491525423728814,1.0,28,54
GSE32863,1.0,10,13,0.005291005291005124,-0.2973827915004388,0.008740441602632138,-0.055660377358490554,0.06633431085043989,-0.3975416127989657,-0.1882925724637681,FAIL,0.8103448275862069,0.9491525423728814,1.0,28,54
GSE32863,1.0,11,13,-0.024470899470899588,-0.3271446962623435,-0.04042454241217511,-0.10192307692307695,0.05155555555555563,-0.4431267806267806,-0.20706407563025203,FAIL,0.8103448275862069,0.9491525423728814,1.0,28,54
GSE32863,1.0,12,13,-0.0752645502645502,-0.3779383470559941,-0.12433278179744597,-0.14162087912087912,-0.009393939393939399,-0.4799447556800498,-0.26661826599326605,FAIL,0.8103448275862069,0.9491525423728814,1.0,28,54
GSE32863,1.0,13,13,-0.03412698412698406,-0.33680078091842797,-0.05637584833697896,-0.10438775510204085,0.03273809523809518,-0.44360377525700107,-0.2251540946567306,FAIL,0.8103448275862069,0.9491525423728814,1.0,28,54
GSE32863,1.0,14,13,-0.03558201058201055,-0.33825580737345445,-0.058779469777702924,-0.09485893416927904,0.02930194805194808,-0.4408142233142233,-0.22294388001935173,FAIL,0.8103448275862069,0.9491525423728814,1.0,28,54
GSE32863,1.0,15,13,0.010714285714285732,-0.2919595110771582,0.017699394245330666,-0.07307359307359307,0.08696581196581193,-0.40905171299288945,-0.17399509803921576,FAIL,0.8103448275862069,0.9491525423728814,1.0,28,54
GSE32863,1.0,16,13,0.02936507936507926,-0.27330871742636464,0.04850945089460972,-0.04970238095238089,0.1065826330532213,-0.387615207373272,-0.15642361111111117,FAIL,0.8103448275862069,0.9491525423728814,1.0,28,54
GSE32863,1.0,17,13,-0.06388888888888888,-0.3665626856803328,-0.10554083235178639,-0.1317063166529942,0.001282051282051222,-0.4715216861598441,-0.2538059163059164,FAIL,0.8103448275862069,0.9491525423728814,1.0,28,54
GSE32863,1.0,18,13,0.030158730158730163,-0.27251506663271374,0.049820517135004766,-0.030714285714285694,0.09160256410256412,-0.37799145299145304,-0.1657342657342657,FAIL,0.8103448275862069,0.9491525423728814,1.0,28,54
GSE32863,1.0,19,13,0.050793650793650724,-0.2518801459977932,0.08390823938527106,-0.021054147465437878,0.1286166007905138,-0.3578158107153668,-0.1327070707070706,FAIL,0.8103448275862069,0.9491525423728814,1.0,28,54
