filename,bytes,sha256
authentic_transfer.csv,699,b02988f76af2442533b1a6cfff885fc3bfa4d9554b1b31b57856e0ea6e8fa7cf
baseline_summary.csv,92,a4054635942b469060e958c477156ce97bdf530b68d00b01588993bede5d6697
conditional_null.csv,389980,e260737ba452e5173d5b44ee410f5da0e073757a521f68cd4f0398902541cd27
false_reassurance_summary.csv,198,404e6498731b9da81a13ac1fa5fdb792f2f999c648519223f4d5d5db0c33d818
GSE27262_prelabel_assignments.csv,6074,4ea193fc59e50db9eaa58669e6b74ccba0c6d9719a9708fe8f8e87d4d5fc7409
GSE32863_prelabel_assignments.csv,17311,290f59dbcff0c598c774028a963dbabb0f12dfc66f21227c1460dfb303b6f92c
perturbation_B.csv,928,8ff9bafe245e5d3362be9a350179217b0054b7737fe884839a03a3fb6f350060
perturbation_C.csv,40329,a3ba7bc2677288097d5bc8c8c13c478a4cfc45697c1b41c20bb92110285af92d
perturbation_D.csv,2718,0f7fcead608106e2e869f92bc928c863eeab3dde7ff656fccab4a3db2aa71bc5
pilot_summary.csv,314,2be9a2fb43c15a9a240e72f0fdf8df65cbbb41e1f046f30ebb392683b182d59f
source_full_pipeline_null_summary.csv,91,2ef3a2f24ea465de022ee2b1c82c5e9a415e8f0653d8677a098b0f9fc2fc9e05
STAGE2_ACCESS_RECORD.json,460,6391b409c717fba49cdaf576eb7452dbf6e93d32820cb79bbd8bd2f40db81550
STAGE2_PRELABEL_STATUS.json,1207,ca23430e54d046136eaeb6411abc355756b88b596da1730168844be1a2c8fa02
STAGE2_RESUME_RECORD.json,517,5a1d73d4fec4799d28b385da4853d0811ad0bb0ed19341a7c169e6998d172b0c
