path,bytes,sha256
annotations/GPL570.annot.gz,8471521,d7cd44352127b1e34f3a720ebea86093ef255a38f1612a85a2962b71bde8f394
annotations/GPL6884.annot.gz,6942892,8bef75ebe5b7e28bf61cf398a31e28d63d3a9884405a3510f60ac534a0b59abb
metadata/GSE19804_participant_map_BLIND.csv,4575,ad04e5f4566880d7833c6878a5f0d4cdbf1abe25355e17ec763681fd8dbed970
metadata/GSE27262_participant_map_BLIND.csv,1949,eb26ab5a93613938a6bc7ae8dea020813e889213ea2f059bf05ad26bae55e409
metadata/GSE32863_participant_map_BLIND.csv,4759,cf1c0c67f9ef7bc136208423dabdb00d92418724f3fb0bd36fcd29834bae1fa1
protocol_notes/DECISIONS_FOR_V1.md,2224,6d98556e5b8b165d5f6bd20fa25a76705e6610e8e557abaa5753a32296431b96
protocol_notes/RECLASSIFICATION_NOTICE_TEMPLATE.md,665,5dda2e6ce69782509c4dcb038e83a01066ef142bd20730fcdadc89e6115f1baf
provenance/LOCAL_INPUT_INVENTORY_SHA256.csv,987,91a1814e4b14213832f72947e0cea3346907c11c6a47d46a5475637f57ccd11d
provenance/SEALED_TARGET_VALUE_HASHES.csv,328,20070d4d018b7c2fa210fb64fc65d3427fcacfc7f1eda24bad8b373877d68c97
provenance/SOURCES.json,2433,e4cf62f79a5d8cb904168d2a3f667c012925619a955d85d8ec2d258bacab785a
provenance/STUDY_PROVENANCE.md,2125,34f379ecb9aa76002b62eab8edf2639d8af6f8f954b2ddc3c79f4740df6347e9
README_STAGE_1_PRE_FREEZE.md,600,442125c9be42f9b5a9a0e0adc092678553d34b4ee32a5bf9fb908077e7240733
source/GSE19804_expression_only.tsv.gz,21360475,e3b85b259e4a980925f4233491ccf0aad009aa4ba026896630d1ade4574cc064
